CREATE DATABASE billmanagementsystem;

USE billmanagementsystem;

CREATE TABLE users (
    Id INT AUTO_INCREMENT PRIMARY KEY,
    Name varchar(20) NOT NULL,
    Position varchar(100) NOT NULL,
    Dpt varchar(100) NOT NULL
);

CREATE TABLE bills (
  Id INT AUTO_INCREMENT PRIMARY KEY,
  Mobile bigint(20) DEFAULT NULL,
  Conn decimal(10,2) DEFAULT NULL,
  Divdat decimal(10,2) DEFAULT NULL,
  GPRS decimal(10,2) DEFAULT NULL,
  Data decimal(10,2) DEFAULT NULL,
  MMSRnt decimal(10,2) DEFAULT NULL,
  OUG decimal(10,2) DEFAULT NULL,
  MMS decimal(10,2) DEFAULT NULL,
  OutSMS decimal(10,2) DEFAULT NULL,
  IncSMS decimal(10,2) DEFAULT NULL,
  Roam decimal(10,2) DEFAULT NULL,
  IDD decimal(10,2) DEFAULT NULL,
  IDDReb decimal(10,2) DEFAULT NULL,
  Pack decimal(10,2) DEFAULT NULL,
  VPN decimal(10,2) DEFAULT NULL,
  RegFee decimal(10,2) DEFAULT NULL,
  Nor decimal(10,2) DEFAULT NULL,
  VdCall decimal(10,2) DEFAULT NULL,
  VdIDD decimal(10,2) DEFAULT NULL,
  Wap decimal(10,2) DEFAULT NULL,
  SubRb decimal(10,2) DEFAULT NULL,
  Mtune decimal(10,2) DEFAULT NULL,
  Msub decimal(10,2) DEFAULT NULL,
  PMsubs decimal(10,2) DEFAULT NULL,
  Pmail decimal(10,2) DEFAULT NULL,
  USDSMS decimal(10,2) DEFAULT NULL,
  USSD decimal(10,2) DEFAULT NULL,
  CLI decimal(10,2) DEFAULT NULL,
  Val50 decimal(10,2) DEFAULT NULL,
  VRC decimal(10,2) DEFAULT NULL,
  Info decimal(10,2) DEFAULT NULL,
  News decimal(10,2) DEFAULT NULL,
  ECH decimal(10,2) DEFAULT NULL,
  ESer decimal(10,2) DEFAULT NULL,
  Devices decimal(10,2) DEFAULT NULL,
  Services decimal(10,2) DEFAULT NULL,
  DBR decimal(10,2) DEFAULT NULL,
  STK decimal(10,2) DEFAULT NULL,
  Fax decimal(10,2) DEFAULT NULL,
  BLB decimal(10,2) DEFAULT NULL,
  IDT decimal(10,2) DEFAULT NULL,
  IDTReb decimal(10,2) DEFAULT NULL,
  VAT decimal(10,2) DEFAULT NULL,
  NBT decimal(10,2) DEFAULT NULL,
  LCF decimal(10,2) DEFAULT NULL,
  TLE decimal(10,2) DEFAULT NULL,
  SSCL_TAX decimal(10,2) DEFAULT NULL,
  Total decimal(10,2) DEFAULT NULL,
  Month int(11) DEFAULT NULL,
  Year int(11) DEFAULT NULL
);

CREATE TABLE user_mobile (
    Id INT AUTO_INCREMENT PRIMARY KEY,
    UserId INT,
    MobileNumber INT NOT NULL,
    GivenFrom DATE NOT NULL,
    GivenUntill DATE NOT NULL,
    FOREIGN KEY (UserId) REFERENCES users(Id)
);

CREATE TABLE departments (
    Id INT AUTO_INCREMENT PRIMARY KEY,
    Name varchar(100) NOT NULL,
    ShortName varchar(20) NOT NULL
);

INSERT INTO `users` (`Id`, `Name`, `Position`, `Dpt`) VALUES
(1, 'Mr W. A. Chandana Si', 'Snr. Training Mgr.', 'MPMA'),
(2, 'Major. Gen. A. L. S.', 'Director (Security)', 'Security'),
(3, 'Mr. C. P. P. K. Gama', 'Snr. Mgr. Security', 'Security'),
(4, ' Trico cargo Unit ', 'Ingurukade', 'Security'),
(5, 'Tide Guage', 'Trinco', 'Trinco'),
(6, 'Tide Guage', 'Galle', 'Galle'),
(7, 'Mr. Pradeep Ranasing', 'Senior Managers (IS)', 'IS'),
(8, 'Miss. G. H. R. Perer', 'Dy. Chief Finance Manager ', ' Finance'),
(9, 'Mr. H.J.K.U. Kumara', 'Actg.Chief Operations Manager (CC)   ', 'Ops'),
(10, 'Dr.(Mrs) U.S Jayasek', 'Actg.Chief Medical Officer', 'Medical'),
(11, ' Mr. P.R. Ekneligoda', 'SME (W- II)', 'MW'),
(12, 'Mr. P. K. Rajapaske ', 'SME (W- I)', 'MW'),
(13, 'Mr. C. Bandara', 'SME (MP -I)', 'MP'),
(14, 'Mr. R. P. P. Krishan', 'SME (MP-II)', 'MP'),
(15, 'Mr. D. M. S. D. Diss', 'Supdt Civil Eng. ', 'Deve'),
(16, 'Mr. U. Uthayasunthar', 'Supdt. Civil Eng.', 'Deve'),
(17, 'Mrs. B. S. R. Nanaya', 'Supdt. Civil Eng.', 'Civil '),
(18, 'Mr. W. A. T. Wickram', 'Supdt Civil Eng.', 'Civil '),
(19, 'Mr. L. G. P. Jayanth', 'Supdt Civil Eng. (Dev.)', 'Civil '),
(20, ' Mrs.  H. B.A.Subhas', 'S.E.E II', 'EE'),
(21, 'Mr. S. G. P. D. Suba', 'Dy. Chief Mgr. (Premises)', 'P & D'),
(22, 'Mr. EMACPN Ekanayake', 'DCE (C&D)', 'C & D'),
(23, ' Mr. K.A.R. Chanaka', 'Supdt. Civil Engineer (Contracts)', 'C & D'),
(24, ' Mr. K. W. M. C. Wan', 'S.M.E. (Marine I)', 'Marine'),
(25, ' Mr. W.L.D.S Amarath', 'Dy.Chief Engineer (Marine II)', 'Marine'),
(26, 'Mr. E. G. S. D. De S', 'S.E.E I', 'EE'),
(27, 'Mr. G. A. A. Upendra', 'S.E.E III', 'EE'),
(28, 'Mr. Sujeewa Wijerath', 'Insurance Inquaries', 'Secretariat'),
(29, 'Mr. W. K. G Wijenaya', 'Dy Chief Engineer (P&D)', 'P & D'),
(30, 'Dr. Sanduni Liyanage', 'Actg Dy. Chf  Medical Officer', 'Medical'),
(31, 'DCE Marine  (I)', 'N. N. J. A. Kumara', 'Marine'),
(32, 'Chairman', '', 'Secretariat'),
(33, 'Galle Port', '', ''),
(34, 'Mr. A. B. M. Aswer', 'Dy. Chief Operations Mgr. (C/C)', 'Ops'),
(35, 'Mrs. Pamudi P. Weera', 'Secretary to the Board', 'Legal'),
(36, 'Mr. Vajira Karunarat', 'Dy.Chief Manager (Statistics)', 'Ops'),
(37, 'Mrs. A.A.T. D. Senev', 'Snr. Law Officer', 'Legal'),
(38, 'Mr. K.S. Hettiarachi', 'Chief Manager (S & MM)', 'Supply'),
(39, 'D/O - Datacom', 'Elect. & E. E. . Div', 'EE'),
(40, 'Mr. C. Singankuttiar', 'Senior Managers (IS)', 'IS'),
(41, 'Mr. Kusal Lokugama', 'Managers (IS)', 'IS'),
(42, 'Miss. M. S. Liyanago', 'Senior Managers (IS)', 'IS'),
(43, 'Mr.. T K G L Hemacha', 'CEE (Electrical)', 'EE'),
(44, 'Duty Manager', 'Duty Team -JCT', 'Ops'),
(45, 'Mr. W. A. T. Fernand', 'Managers (IS)', 'IS'),
(46, 'D/O Security', 'QRT Office', 'Security'),
(47, ' Mr. M. A. H. A. Muh', 'Chief. Supdt. (Operations)', 'Ops'),
(48, 'Audit D/O', 'Audit', 'Audit'),
(49, ' Mr. H. M. Prabath J', 'Director  (Logistics)', 'Logistics'),
(50, 'Mrs.  B. D. S. Malka', 'Senior Manager (Administation)', ' Finance'),
(51, 'Mrs. D.N. Pannipitiy', 'SMF (Exp/ Other Divisions) ', ' Finance'),
(52, ' Mr. N.C.S.De Costa', 'SMF (Rev/Credit Control)', ' Finance'),
(53, ' Mr. T.A.I. Amarasin', 'SFM (Fin. Acc./Mgt.Acct.)          ', ' Finance'),
(54, ' Mr. T.H.H.N. Perera', 'SMF (Rev/Landing & Delivery)', ' Finance'),
(55, 'Mr. N. H. Gaeusinghe', 'DCE Mech. Plant (II)', 'MP'),
(56, ' Mr. G.V. Kekulawala', 'SMF (E/E & N- Supplies Acct. )', ' Finance'),
(57, 'Ms. G. A. D. C. Pere', 'Dy Chief Eng (P/P)', 'P & D'),
(58, 'Mr. R. Thushanthan', 'SME (Marine II)', 'Marine'),
(59, 'Mr. P. P. Pradeep Ni', 'Dy. Chif Mgr (L)', 'Logistics'),
(60, 'Mr. I. N. wickramana', 'CPAC', 'HR'),
(61, 'Mr. I. N. wickramana', 'CPAC', 'HR'),
(62, 'Chf. Ops. Mgr. ', 'Common  use', 'Ops'),
(63, 'Chf. Ops. Mgr. ', 'Common  use', 'Ops'),
(64, 'Dy. Chf. Mgr. (IS)', 'Common  use', 'IS'),
(65, 'Mr. K. D. J. Wijendr', 'Chief Supdt. Security (Galle)', 'Security'),
(66, 'Chf. Ops. Mgr. ', 'Common  use', 'Ops'),
(67, 'Chf. Mgr. (IS)', 'Common  use', 'IS'),
(68, 'Mr. M. M. N. P. Guna', 'Snr. Internal auditor', 'IS'),
(69, 'Mr. R.M. Anura Shant', 'Snr .Manager (Admn. Sup.', 'Supply'),
(70, 'Chf. Medical Officer', 'Common  use', 'Medical'),
(71, 'Chf. Medical Officer', 'Common  use', 'Medical'),
(72, 'Duty Engineer(JCT /E', 'Stage 1 &2 ', 'EE'),
(73, 'Duty Engineer(JCT /E', 'Stage 3 & 4', 'EE'),
(74, ' Mr. S. Chandrasena ', 'ME (JCT I) ', 'MP'),
(75, ' Mr. K. C. M. Wanasi', 'ME (JCT  V)                  ', 'MP'),
(76, 'Operations Office', 'AUS Operations', 'Ops'),
(77, 'Duty Officer I & II', 'Duty team (JCT)', 'Ops'),
(78, 'Imports ', 'Duty Officer                                               ', 'Ops'),
(79, 'Guide Pier & PVQ', 'Duty Officer (GP/ PVQ)', 'Ops'),
(80, 'Security Control Roo', 'Security duty Officer (On Duty)                        ', 'Security'),
(81, 'Supdt EF V', '', 'EE'),
(82, ' Mr. L. Premasiri De', 'Chief Internal Auditor   ', 'Audit'),
(83, 'Mr. M. S. Niyasdeen', 'Accountant (T)', 'Trinco'),
(84, 'Mr. R. A. P. P.  Rup', 'Chief Engineer  (Acting)', 'EE'),
(85, ' Mr. A.L.M. Naheem', 'Dy Chief Engineer (Civil)', 'Civil '),
(86, 'Mr. M. V. S. Fernand', 'DCE (MW)', 'MW'),
(87, 'Mr. S. K. F. Rodrigo', 'Dy. Chief Engineer 1', 'EE'),
(88, 'Duty mobile phone GC', 'Electrical Section III', 'EE'),
(89, 'Duty mobile phone GC', 'Electrical Section III', 'EE'),
(90, 'Mr. Chiranthaka Halp', 'Duty Officer  (Maketing)', 'M & BD'),
(91, 'Mr. Wikum Silva', 'Senior Managers (IS)', 'IS'),
(92, '', 'IS Div. (for Sms)', 'IS'),
(93, 'Mr. M. H. A.Shiyam', 'Managers (IS)', 'IS'),
(94, 'ISPS Navy', 'Navy', 'Security'),
(95, 'Duty  Officer', 'Mega Port (Elect. I)', 'EE'),
(96, 'Mr. K.P. Jayathullah', 'Chief Supdt (sec) Trinco', 'Trinco'),
(97, 'Duty Officer (Peliya', 'Duty Officer (Peliyagoda) ', 'Logistics'),
(98, 'D/O Kitchen', 'Kitchen (Admn)', 'welfare'),
(99, 'Mr. Chitral R. Jayaw', 'Chief Manager  (Com. & PR)', 'Media'),
(100, 'Mr. SMN Karunarathna', 'Snr. Ops  Manager (Plans & Ops)', 'Ops'),
(101, 'Mr. P.A.R.D. Pathira', 'Director (Technical)', 'Engineering'),
(102, 'Mrs. F.M. Husain', 'Chief Engineer (P&D)', 'P & D'),
(103, ' Mr. S.H. Thilakapal', 'Actg.Chief Manager (W & IR)', 'Welfare'),
(104, 'Mr. S. H. Pathirathn', 'Senior Managers (IS)', 'IS'),
(105, 'Mr. Upul Guruge', 'Comm. & Media Officer', 'Media'),
(106, 'Mr. C.L.Dasanayake', 'Dy Chief Engineer(Deve.)', 'Deve'),
(107, 'Ipad', 'MD', 'Secretariat'),
(108, 'Mrs. L. Hewagajaman', 'Dy. Chief Manager ( IS )', 'IS'),
(109, 'Mr. T.C.K. Paranavit', 'Chief Engineer (Civil)', 'Civil '),
(110, 'Mr. H. H. U. Peiris', 'Manager (Com.& PR)', 'Media'),
(111, 'Mrs.Aparna Thilakara', 'Chief Law Officer', 'Legal'),
(112, 'Capt K.M.N.P Silva', 'Harbour Master', 'Navigation'),
(113, 'Mr. Upul Jayatissa', 'Managing Director', 'Secretariat'),
(114, 'Mr. A.A.S.R. Abeysir', 'Addl. Managing Director (Technical) ', 'Secretariat'),
(115, 'Mr. Sarath Dayananda', 'Chief Manager (M & BD)', 'M & BD'),
(116, 'Mr. D.L.R. Weerasing', ' Director (Operations)', 'Ops'),
(117, 'Mr. P. D. H. Pieris', 'Chief Sup.dt (Berth Planning)', 'Ops'),
(118, ' Mr. C.J Weerawickra', 'Chief Manager (Cont. Ops)', 'Ops'),
(119, 'Mr. W. Pradeep perer', 'Snr.Operation Manager (OPS)', 'Ops'),
(120, 'QRT Office', 'Security ', 'Security '),
(121, 'Mr. KC Samarajeewa', 'Manager ops- BQ', 'Ops'),
(122, 'Capt.A. M. S. P. Ara', 'Deputy Harbour Master (T)       ', 'Trinco'),
(123, 'Mr. Nirmal De Fonsek', 'Chief Manager (IS)', 'IS'),
(124, 'Mr. Nalin Aponso ', ' Director  (HRD)', 'HR'),
(125, 'Mr. J. A. Chandrarat', 'Chief Engineer (M/W)', 'MW'),
(126, 'D/O Media', '', 'Media'),
(127, 'Mr. M. R. M.  Ramzee', 'Administrative Secretary', 'Legal'),
(128, 'Mr. B.L.M. Inas', 'Dy. Chief Law Officer ', 'Legal'),
(129, 'Mr. SD Weerasingha', 'Foreign Training Co-or.', 'MPMA'),
(130, 'Capt. Sajeewa C.Wima', 'Deputy Harbour Master                          ', 'Galle'),
(131, 'Mr. K. G. Upali', 'Dep.Chief Security Manager (Actg.)-II     ', 'Security'),
(132, 'Mr. U. L. Anura Band', 'Snr. Manager (Peliyagoda) ', 'Logistics'),
(133, 'Duty Officer', '', 'Logistics'),
(134, 'jctcontrol@slpa.lk', 'Duty Planners', 'Ops'),
(135, 'Mr. L.P.S.Chandana', 'Dy. Chief Operations Mgr.(C/O) ', 'Ops'),
(136, 'Duty Officer III & I', 'Duty Team JCT', 'Ops'),
(137, 'Mr. K.A.K.N.W. Weera', 'RM', 'Trinco'),
(138, 'Mr. B.G.A.D.Nimalasi', 'Chief Sup.dt (Damage Claims & Insurance)      ', 'Ops'),
(139, 'Mr. T. Pahetharan', 'Supdt', 'KKS'),
(140, 'Mrs. G.N. Liyanage', 'Chief Finance Manager', 'Finance'),
(141, 'Mrs. M.M.P.M. Gunara', 'SMF (Rev/ PT/ ST/ S & N)          ', 'Finance'),
(142, 'Navy', '', 'Security'),
(143, 'Navy', '', 'Security'),
(144, 'Navy', '', 'Security'),
(145, 'Navy', '', 'Security'),
(146, ' Mr. G.V.T. Nanayakk', 'Chief Engineer(Marine)', 'Marine'),
(147, 'Rear Admiral Suresh ', 'Colombo Port PFSO', 'Security'),
(148, ' Mr. A.L.M Nowfer', 'Chief Engineer(Development)', 'Deve'),
(149, 'Mr. W. P. Devasurend', 'Works Mgr. (Civil)', 'Deve'),
(150, 'Mr. Romesh. Pathiwil', 'Chief Engineer  (C & D)', 'C & D'),
(151, 'Capt. R.A.A.M.U.B Ra', 'COD West', 'Security'),
(152, 'Mrs.G.Z.Miskin', 'Chief Manager (Logistics)', 'Logistics'),
(153, ' Mr. G. Kawya Indraj', 'Asst. Manager (Com.& PR.)', 'Media'),
(154, 'Mrs. S.H.S. Padmini', 'Chief Human Resorce Manager', 'HR'),
(155, 'Mrs. Nelum Anawaratn', 'Chief Manager (Administration) ', 'Secretariat'),
(156, 'Mr. Saman Perera', 'Snr. (OM) GP & PVQ', 'Ops'),
(157, ' Mr. P. Katapearachc', 'Operations Manager', 'Ops'),
(158, 'Miss. N.H.Indumathi ', 'Accountant (Galle)', 'Galle'),
(159, 'Capt. SBYMYL Wasanth', 'Snr. Dy HM', 'Navigation');


INSERT INTO `user_mobile` (`ID`,`UserId`,`MobileNumber`,`GivenFrom`,`GivenUntill`) VALUES
(1,1,701138858,'2024-01-01',Null),
(2,2,701284885,'2024-01-01',Null),
(3,3,701917762,'2024-01-01',Null),
(4,4,701917768,'2024-01-01',Null),
(5,5,702582047,'2024-01-01',Null),
(6,6,702582048,'2024-01-01',Null),
(7,7,702582051,'2024-01-01',Null),
(8,8,702582054,'2024-01-01',Null),
(9,9,702582056,'2024-01-01',Null),
(10,10,702582058,'2024-01-01',Null),
(11,11,703099860,'2024-01-01',Null),
(12,12,703099887,'2024-01-01',Null),
(13,13,703099938,'2024-01-01',Null),
(14,14,703100141,'2024-01-01',Null),
(15,15,703100278,'2024-01-01',Null),
(16,16,703100561,'2024-01-01',Null),
(17,17,703100695,'2024-01-01',Null),
(18,18,703101309,'2024-01-01',Null),
(19,19,703101362,'2024-01-01',Null),
(20,20,703101488,'2024-01-01',Null),
(21,21,703101492,'2024-01-01',Null),
(22,22,703101531,'2024-01-01',Null),
(23,23,703101583,'2024-01-01',Null),
(24,24,703101737,'2024-01-01',Null),
(25,25,703101745,'2024-01-01',Null),
(26,26,703101750,'2024-01-01',Null),
(27,27,703101981,'2024-01-01',Null),
(28,28,705954660,'2024-01-01',Null),
(29,29,706228331,'2024-01-01',Null),
(30,30,706336410,'2024-01-01',Null),
(31,31,706336551,'2024-01-01',Null),
(32,32,711006386,'2024-01-01',Null),
(33,33,711006406,'2024-01-01',Null),
(34,34,711732205,'2024-01-01',Null),
(35,35,711732275,'2024-01-01',Null),
(36,36,711732332,'2024-01-01',Null),
(37,37,711732453,'2024-01-01',Null),
(38,38,711732711,'2024-01-01',Null),
(39,39,712259855,'2024-01-01',Null),
(40,40,713257861,'2024-01-01',Null),
(41,41,713257867,'2024-01-01',Null),
(42,42,713257886,'2024-01-01',Null),
(43,43,714216883,'2024-01-01',Null),
(44,44,714816898,'2024-01-01',Null),
(45,45,714818660,'2024-01-01',Null),
(46,46,715324105,'2024-01-01',Null),
(47,47,715330227,'2024-01-01',Null),
(48,48,715337578,'2024-01-01',Null),
(49,49,715362339,'2024-01-01',Null),
(50,50,716338180,'2024-01-01',Null),
(51,51,716338185,'2024-01-01',Null),
(52,52,716338186,'2024-01-01',Null),
(53,53,716338188,'2024-01-01',Null),
(54,54,716338261,'2024-01-01',Null),
(55,55,716364040,'2024-01-01',Null),
(56,56,716364047,'2024-01-01',Null),
(57,57,716413278,'2024-01-01',Null),
(58,58,716413282,'2024-01-01',Null),
(59,59,716413295,'2024-01-01',Null),
(60,60,716413303,'2024-01-01',Null),
(61,61,716413307,'2024-01-01',Null),
(62,62,716413315,'2024-01-01',Null),
(63,63,716413317,'2024-01-01',Null),
(64,64,716413320,'2024-01-01',Null),
(65,65,716413325,'2024-01-01',Null),
(66,66,716413329,'2024-01-01',Null),
(67,67,716413334,'2024-01-01',Null),
(68,68,716413335,'2024-01-01',Null),
(69,69,716413417,'2024-01-01',Null),
(70,70,716413425,'2024-01-01',Null),
(71,71,716413427,'2024-01-01',Null),
(72,72,716810876,'2024-01-01',Null),
(73,73,716810877,'2024-01-01',Null),
(74,74,716810878,'2024-01-01',Null),
(75,75,716810879,'2024-01-01',Null),
(76,76,716810880,'2024-01-01',Null),
(77,77,716810881,'2024-01-01',Null),
(78,78,716810883,'2024-01-01',Null),
(79,79,716810884,'2024-01-01',Null),
(80,80,716823709,'2024-01-01',Null),
(81,81,716841457,'2024-01-01',Null),
(82,82,716845148,'2024-01-01',Null),
(83,83,716889241,'2024-01-01',Null),
(84,84,716889264,'2024-01-01',Null),
(85,85,716889266,'2024-01-01',Null),
(86,86,716889285,'2024-01-01',Null),
(87,87,716889398,'2024-01-01',Null),
(88,88,716889416,'2024-01-01',Null),
(89,89,716889431,'2024-01-01',Null),
(90,90,716889451,'2024-01-01',Null),
(91,91,717243542,'2024-01-01',Null),
(92,92,718531719,'2024-01-01',Null),
(93,93,718531721,'2024-01-01',Null),
(94,94,718531739,'2024-01-01',Null),
(95,95,718531790,'2024-01-01',Null),
(96,96,718531796,'2024-01-01',Null),
(97,97,718531859,'2024-01-01',Null),
(98,98,718531862,'2024-01-01',Null),
(99,99,718531863,'2024-01-01',Null),
(100,100,718531871,'2024-01-01',Null),
(101,101,718531897,'2024-01-01',Null),
(102,102,718551693,'2024-01-01',Null),
(103,103,718551949,'2024-01-01',Null),
(104,104,718553163,'2024-01-01',Null),
(105,105,718553264,'2024-01-01',Null),
(106,106,718553483,'2024-01-01',Null),
(107,107,718553565,'2024-01-01',Null),
(108,108,718553647,'2024-01-01',Null),
(109,109,718688304,'2024-01-01',Null),
(110,110,718688311,'2024-01-01',Null),
(111,111,718688314,'2024-01-01',Null),
(112,112,718688318,'2024-01-01',Null),
(113,113,718688322,'2024-01-01',Null),
(114,114,718688326,'2024-01-01',Null),
(115,115,718688335,'2024-01-01',Null),
(116,116,718688336,'2024-01-01',Null),
(117,117,718688337,'2024-01-01',Null),
(118,118,718688338,'2024-01-01',Null),
(119,119,718688342,'2024-01-01',Null),
(120,120,718688343,'2024-01-01',Null),
(121,121,718688344,'2024-01-01',Null),
(122,122,718688346,'2024-01-01',Null),
(123,123,718688347,'2024-01-01',Null),
(124,124,718688348,'2024-01-01',Null),
(125,125,718688349,'2024-01-01',Null),
(126,126,718688350,'2024-01-01',Null),
(127,127,718688351,'2024-01-01',Null),
(128,128,718688352,'2024-01-01',Null),
(129,129,718688355,'2024-01-01',Null),
(130,130,718688357,'2024-01-01',Null),
(131,131,718688358,'2024-01-01',Null),
(132,132,718688359,'2024-01-01',Null),
(133,133,718688361,'2024-01-01',Null),
(134,134,718688362,'2024-01-01',Null),
(135,135,718688363,'2024-01-01',Null),
(136,136,718688364,'2024-01-01',Null),
(137,137,718688365,'2024-01-01',Null),
(138,138,718688366,'2024-01-01',Null),
(139,139,718688369,'2024-01-01',Null),
(140,140,718688371,'2024-01-01',Null),
(141,141,718688372,'2024-01-01',Null),
(142,142,718688380,'2024-01-01',Null),
(143,143,718688381,'2024-01-01',Null),
(144,144,718688384,'2024-01-01',Null),
(145,145,718688385,'2024-01-01',Null),
(146,146,718688386,'2024-01-01',Null),
(147,147,718688388,'2024-01-01',Null),
(148,148,718688391,'2024-01-01',Null),
(149,149,718688392,'2024-01-01',Null),
(150,150,718688393,'2024-01-01',Null),
(151,151,718724914,'2024-01-01',Null),
(152,152,718741661,'2024-01-01',Null),
(153,153,718741662,'2024-01-01',Null),
(154,154,718741663,'2024-01-01',Null),
(155,155,718741664,'2024-01-01',Null),
(156,156,718741666,'2024-01-01',Null),
(157,157,718741668,'2024-01-01',Null),
(158,158,718741669,'2024-01-01',Null),
(159,159,719998466,'2024-01-01',Null);

INSERT INTO `departments` (`ID`,`Name`,`ShortName`) VALUES
(1,'Secretariat','Secretariat'),
(2,  'Operation','Ops'),
(3,'JCT','JCT'),
(4, 'Logistics','Logistics'),
(5, 'Infomation','IS'),
(6, 'Security','Security'),
(7, 'Engineering Admin','Engineering Admin'),
(8, 'Elect Eng','EE'),
(9, 'KKS','KKS'),
(10, 'Civil Eng','Civil '),
(11, 'MP Eng','MP'),
(12, 'Navigation','Navigation'),
(13, 'Human Resources','HR'),
(14, 'Legal','Legal'),
(15, 'Welfare','Welfare'),
(16, 'Medical','Medical'),
(17, 'Contract &  Designs','C & D'),
(18, 'Media','Media'),
(19, 'Finance','Finance'),
(20, 'Mari Eng','Marine'),
(21, 'Plan & Development','P & D'),
(22, 'MW Eng','MW'),
(23, 'Supplies','Supply'),
(24, 'Galle','Galle'),
(25, 'Trinco','Trinco'),
(26, 'Audit','Audit'),
(27, 'MPMA','MPMA'),
(28, 'Development','Deve'),
(29, 'Marketing','M & BD');












